,tweetID,Label
0,306486520121012224,Sports
1,286353402605228032,Sports
2,289531046037438464,Politics
3,306451661403062273,Politics
4,297941800658812928,Sports
5,305722428531802112,Politics
6,304713516256997377,Sports
7,234999630725783553,Politics
8,303712268372283392,Sports
9,304215754130194432,Sports
10,305498714527633408,Politics
11,302482560242565120,Sports
12,305496375985070080,Politics
13,305562747888865280,Politics
14,302124227975335937,Politics
15,279308630564679680,Politics
16,294826406272188416,Politics
17,304688274469969920,Sports
18,234244701153288192,Sports
19,274267981998075904,Politics
20,305715656295329793,Sports
21,306154104613396480,Sports
22,304684623068282880,Sports
23,304825577578307584,Sports
24,302308069910667264,Politics
25,301525859486035970,Politics
26,306492903415492608,Sports
27,234787015915339777,Sports
28,293739405968023553,Politics
29,303812743222398976,Politics
30,306628625795543042,Sports
31,297898518444658688,Politics
32,269322578181619712,Politics
33,296258883800936448,Sports
34,297967865334726658,Sports
35,304261877335224321,Sports
36,305935970614792193,Politics
37,281859108540407808,Politics
38,297992477766479872,Politics
39,304762492746334208,Politics
40,302518289752526848,Politics
41,297356896988442624,Sports
42,306786449641062403,Politics
43,296054644059291649,Sports
44,298018378390573056,Sports
45,304287852110422016,Sports
46,303813683589545984,Politics
47,297872762859565056,Politics
48,299098941541216257,Sports
49,299073815995097089,Sports
50,306710960771563520,Sports
51,297995881272193024,Sports
52,301989754755497984,Sports
53,301511660340932611,Politics
54,306117439341617156,Politics
55,295833449548378112,Sports
56,299483084531826690,Sports
57,286791509607579648,Sports
58,301883536049328129,Politics
59,306423611399491584,Politics
60,302484077821452289,Politics
61,2456987634,Sports
62,297142602271166464,Sports
63,234321907103707136,Sports
64,302101035600711680,Politics
65,296333299884900352,Politics
66,306356958217265153,Sports
67,286986867734351872,Sports
68,306725746108416000,Sports
69,299313568401195008,Politics
70,303721069766914048,Sports
71,306058575611039744,Politics
72,281870482414907392,Politics
73,306664185285201920,Sports
74,302023149401288704,Sports
75,261823550757953536,Politics
76,298448073473028096,Sports
77,293811366765146113,Sports
78,305650667513602049,Politics
79,5636022334,Politics
80,297936170929750016,Sports
81,306457917924728832,Sports
82,305648272595357697,Sports
83,298148554910859264,Politics
84,305960362514198528,Sports
85,234286030549823488,Sports
86,304272457441878016,Politics
87,288829994334048256,Sports
88,304571954457894912,Sports
89,303928757251616768,Politics
90,303123067805237248,Politics
91,302001639408140288,Sports
92,282526471518556160,Sports
93,306436360464642049,Politics
94,274454818729381888,Politics
95,298011008507723776,Sports
96,280116322610855936,Sports
97,301915247088922627,Sports
98,298011891807178753,Sports
99,293374964306939905,Politics
100,303959923161694208,Politics
101,302040283124731904,Sports
102,301530751097266178,Politics
103,306752829903736832,Sports
104,299440328371494912,Sports
105,305263675319668737,Politics
106,301540542276304896,Politics
107,304296861446053888,Sports
108,305585618359037953,Politics
109,292392801201704961,Sports
110,305973537376722945,Sports
111,306045130421465088,Sports
112,304886474137026561,Sports
113,306251656415281153,Sports
114,301361527208951811,Sports
115,304604900145381376,Politics
116,293047543821123584,Sports
117,234629199401467904,Sports
118,298012635096555520,Sports
119,306370962209783808,Politics
120,304961522457792512,Sports
121,306282505546387457,Sports
122,15270732860,Sports
123,305778172895576066,Politics
124,234765556304207872,Sports
125,302716865279557632,Politics
126,270636273423773696,Politics
127,306774330363240448,Politics
128,287932915051028480,Sports
129,268896041326215169,Politics
130,305703050134298625,Sports
131,296892270110707712,Sports
132,302439050768441344,Politics
133,303174629760040960,Sports
134,293049029997240320,Politics
135,294979234814898176,Sports
136,306691208787415040,Sports
137,301370109895790592,Politics
138,306498172375670785,Politics
139,287010726193819648,Politics
140,301055038384644096,Sports
141,299058687404810240,Sports
142,299496547811459072,Sports
143,297949487656226816,Sports
144,297999449152684032,Sports
145,302126547098292224,Sports
146,298454745897648130,Politics
147,306467629634289664,Politics
148,306082952574537728,Sports
149,303914373670371329,Sports
150,255342203445063680,Sports
151,269610696239611907,Politics
152,306460940008820736,Sports
153,302033240804438016,Sports
154,296202592579633152,Sports
155,271523434884898816,Sports
156,271640349515079680,Sports
157,305982173884858368,Sports
158,301526788226547713,Politics
159,297968596561309697,Sports
160,305956694750547969,Politics
161,289819087650037760,Politics
162,294242760179990528,Sports
163,306351368258596864,Politics
164,306038725262053376,Sports
165,303341495166058496,Sports
166,305687999298015232,Politics
167,298949209745412096,Politics
168,295946844553494531,Sports
169,299425713587642369,Politics
170,306428082322022400,Sports
171,301706051613503488,Politics
172,304715284512641024,Sports
173,302033496505974784,Politics
174,301702692101816320,Sports
175,302210092642734080,Politics
176,299927809575489538,Sports
177,304738948972957696,Politics
178,303722826165268480,Politics
179,293387621319733248,Sports
180,306405262682644481,Sports
181,296451500836786177,Politics
182,306334308149370880,Sports
183,282442116125319168,Sports
184,256782122705096704,Sports
185,299419127825702913,Sports
186,299419769550032896,Sports
187,305516555654008833,Sports
188,292879185595228160,Sports
189,304814740276924416,Politics
190,294223564620570625,Politics
191,284506514922803200,Politics
192,295943896964419584,Politics
193,285646454289207296,Sports
194,306766537484795906,Sports
195,266404356990050306,Sports
196,304236261219135491,Sports
197,268225059120898050,Politics
198,299473897886195713,Sports
199,301928401076383745,Politics
200,299168145183227904,Politics
201,294945337876029440,Politics
202,294372071838990336,Sports
203,304920918621310977,Sports
204,305743412802502656,Sports
205,306717123143688192,Sports
206,298009961286479872,Sports
207,304270043691245568,Politics
208,306771518044635136,Sports
209,15837711261,Politics
210,302578537133662208,Sports
211,305714524856659970,Sports
212,27780529717,Sports
213,304666148585209857,Politics
214,301114318131445760,Sports
215,305520185295638528,Sports
216,270248999527804928,Sports
217,306773965685264384,Sports
218,303721253523570688,Sports
219,306239311429369856,Politics
220,303255107754135552,Politics
221,303537333175713792,Sports
222,5797338893,Sports
223,305314247150292992,Sports
224,272192876358803457,Sports
225,295912321757360128,Sports
226,306238983011188737,Sports
227,298802067349315584,Sports
228,306630054501302272,Sports
229,302170437708832768,Politics
230,275515727950262272,Politics
231,299403702471643137,Sports
232,2704448072,Sports
233,298181693150466048,Politics
234,294567795168006144,Politics
235,305983944225062915,Sports
236,293046530036887552,Politics
237,306694205722476544,Sports
238,260755067576147968,Politics
239,306831913258213376,Politics
240,305135279562428416,Sports
241,298001953433210880,Sports
242,305295788798537728,Sports
243,302529307773898753,Politics
244,304663783685632000,Sports
245,305543245360926720,Politics
246,306326219702562816,Politics
247,294458498702532608,Politics
248,295840781523107840,Politics
249,305024766220316672,Sports
250,281419841850703872,Politics
251,305960255219716096,Politics
252,297966562458083328,Sports
253,6357664866,Politics
254,261892080329183232,Sports
255,293470680090021888,Politics
256,306653297660555264,Sports
257,305275145784786944,Politics
258,304500946988322816,Sports
259,305371125733523457,Sports
260,301733045982097408,Sports
261,306586695762063362,Politics
262,305978271990968321,Sports
263,305306655535546370,Sports
264,304702145356234752,Sports
265,306123649172262913,Sports
266,306117197208645633,Politics
267,306505063298383872,Sports
268,304982441540591617,Sports
269,304781598656704513,Sports
270,299525618016591872,Politics
271,301009151545446401,Politics
272,5585042151,Sports
273,269299599196422145,Sports
274,304690498256396288,Sports
275,3172778133,Sports
276,297955019846733824,Sports
277,306301952592080897,Sports
278,300924039101308928,Sports
279,305993764319674369,Sports
280,265885174603059200,Politics
281,16139229933,Sports
282,304702687180623873,Sports
283,269033875966160896,Politics
284,268224985275973632,Politics
285,303710105654939648,Politics
286,300468286745878529,Politics
287,269547454783946752,Sports
288,13193126585,Sports
289,277200976996360192,Politics
290,306031976526249985,Politics
291,302051129221607424,Politics
292,298011983251386368,Sports
293,306490579561357312,Sports
294,234606633026723840,Sports
295,297949810634391552,Politics
296,19649221977,Politics
297,303366583332511744,Sports
298,27772224860,Sports
299,304656866363973632,Politics
300,306262890611109890,Sports
301,291172221551001602,Sports
302,296709749175627777,Politics
303,2403051021,Sports
304,234384681569746945,Politics
305,306347981613961217,Politics
306,294509955837460480,Politics
307,268225395273379840,Sports
308,304411456542212097,Sports
309,24797265700847616,Sports
310,303110528006488065,Politics
311,304255109167210496,Sports
312,297944388020088832,Sports
313,299911202191077377,Politics
314,303745303184551936,Sports
315,16333481040,Sports
316,306343737066409985,Politics
317,306779214076604416,Sports
318,289884823160504320,Politics
319,306793130362040322,Politics
320,306468174990286849,Sports
321,304653054412734464,Politics
322,296669749360865281,Politics
323,305688449615290368,Sports
324,306776713872936960,Sports
325,302736852685844481,Sports
326,305689996273283075,Sports
327,303927215324819456,Politics
328,284588783507210241,Politics
329,306130160179101696,Sports
330,306673103436656642,Sports
331,299336984567095296,Sports
332,300232903202320384,Sports
333,27772088527,Politics
334,276348198296092672,Politics
335,297958492411686913,Sports
336,302471991712165888,Sports
337,293762226718916608,Politics
338,306336630866862081,Politics
339,269387602631733249,Sports
340,305585157241466882,Sports
341,297074410786025472,Politics
342,306464144037662721,Sports
343,298450229756305408,Sports
344,305574370162655234,Sports
345,306656367282880512,Sports
346,306018173520592896,Sports
347,269371026901716992,Sports
348,298441280168529921,Sports
349,300990618665107458,Politics
350,273122003052007424,Sports
351,297971927727890432,Sports
352,296752704351510528,Politics
353,284075848410214401,Politics
354,305579598379364352,Sports
355,302558799057805312,Sports
356,234321564269699073,Politics
357,306689709831254016,Sports
358,301361425337692161,Sports
359,262614519229083648,Sports
360,296428908084080641,Sports
361,15912999052,Sports
362,303478675544870912,Sports
363,291554765542920192,Politics
364,299450409280479234,Politics
365,304939257963896832,Politics
366,306677308914282497,Sports
367,304004538183086081,Politics
368,304273187988975616,Politics
369,278223610592768000,Sports
370,298058845819908096,Sports
371,234823084849377281,Sports
372,299207017707491329,Politics
373,306792058574741504,Sports
374,305697156432527360,Sports
375,306144592070324224,Sports
376,14878811062,Politics
377,305692126820306944,Sports
378,305286848920563712,Sports
379,292402320862482432,Politics
380,304933215842467841,Sports
381,234723148203954176,Sports
382,299194441464426497,Sports
383,283264622855860224,Politics
384,305720094447779841,Politics
385,279314565395800064,Sports
386,305153325643485184,Politics
387,303230409003655171,Sports
388,298440921698140160,Sports
389,297963057466974209,Sports
390,304699243598340097,Sports
391,297799113712476160,Politics
392,265945288454307842,Politics
393,305283028744282113,Politics
394,297950803329683456,Politics
395,302600494994579458,Politics
396,306056078628634624,Sports
397,297948325653655552,Sports
398,234822523878002688,Sports
399,2395657472,Sports
400,304699014383812609,Politics
401,295192991159685120,Sports
402,304390095073579009,Sports
403,306034375282286592,Sports
404,289533140509286401,Sports
405,299195917293195265,Sports
406,306714837453504512,Politics
407,301735469065056256,Politics
408,305784313545383936,Sports
409,304260371072561155,Sports
410,293562409942122496,Politics
411,297640305279250432,Sports
412,297935585845329920,Sports
413,304286509299793920,Sports
414,293563218272604162,Sports
415,299319044195119104,Politics
416,301526406607806464,Politics
417,234741059048050688,Politics
418,271639314847391744,Sports
419,288398185959927808,Sports
420,276603155133894656,Politics
421,304702762636156930,Sports
422,306368633775484928,Sports
423,266098046792781824,Sports
424,298000293994565633,Sports
425,306497904401592321,Sports
426,290948996774637570,Politics
427,306086585768742913,Sports
428,297273416870920192,Sports
429,306759920018137088,Sports
430,304774596253609985,Politics
431,301526102684360705,Politics
432,305680537480220672,Sports
433,15672791259,Politics
434,296035774741241857,Politics
435,297239837390553088,Politics
436,304263633700016128,Politics
437,302736015599206400,Politics
438,299450017624776705,Sports
439,305780948501401600,Sports
440,234777313777156097,Sports
441,304635548625145856,Sports
442,304101240239955968,Sports
443,305729757889327104,Sports
444,304219130964361216,Sports
445,298241911121141762,Sports
446,306508740201443329,Sports
447,270325102946684929,Politics
448,301720709581918208,Sports
449,305716617684340736,Sports
450,245059996574953474,Sports
451,304261488389025793,Politics
452,305841168292388866,Politics
453,305312815248465920,Sports
454,305906682972762112,Politics
455,289465700492386305,Politics
456,306426892083396608,Politics
457,304796454088736768,Politics
458,302717838211293184,Sports
459,306280797076353025,Sports
460,305980878155304960,Sports
461,306398200330326016,Sports
462,264119164447367168,Politics
463,47022091588997120,Politics
464,306373210058944514,Sports
465,296759517365018624,Sports
466,2376891646,Politics
467,306778683547467776,Sports
468,306533498120990721,Sports
469,306752923361230848,Sports
470,304582044661469185,Politics
471,302608025406042112,Sports
472,2453350909,Politics
473,301717707764690944,Sports
474,298441241077612545,Sports
475,28763969850,Sports
476,296332239711637505,Politics
477,302461829052002304,Politics
478,303538059960520704,Sports
479,296829307853078529,Sports
480,306498218169081856,Politics
481,292712708493701120,Sports
482,304664196325449728,Sports
483,300478477503713280,Sports
484,279311300792827905,Politics
485,300295722304151553,Politics
486,293807814512615425,Politics
487,298003558249414656,Sports
488,302485412570607616,Sports
489,305960267706142721,Politics
490,289539560982065152,Politics
491,258965269702123520,Politics
492,301514248792719361,Politics
493,306534195537256449,Sports
494,306749355015172096,Sports
495,306024724520108032,Sports
496,293520788793999361,Politics
497,261896983244046336,Sports
498,277179901818318848,Politics
499,7383818022,Sports
500,5636529152,Politics
501,271165705183952896,Politics
502,306818037158379520,Sports
503,293364940042022914,Politics
504,306461473285214208,Sports
505,304619858073624576,Politics
506,306825393342644225,Politics
507,306349559787966465,Politics
508,306050475592134656,Politics
509,304693601286361088,Politics
510,306830003088285696,Politics
511,298868972785377280,Politics
512,234651305925296129,Sports
513,300624032909373440,Politics
514,296757705278902273,Politics
515,305336829253648385,Sports
516,305695074803675137,Sports
517,306362340851474434,Politics
518,296661442181079040,Sports
519,297165985004285952,Politics
520,305650062606864384,Politics
521,296445331229507585,Politics
522,296690171628367873,Politics
523,297991062104977408,Sports
524,305878393327591424,Politics
525,303718322632003585,Politics
526,303956901589291009,Politics
527,294506257874837504,Politics
528,302157848887042048,Politics
529,305707030478458880,Sports
530,299014704821575680,Sports
531,306079871296237568,Sports
532,234245916368982017,Sports
533,297957541072236544,Sports
534,302544444689903616,Politics
535,306468087048310785,Sports
536,306283522929348608,Sports
537,303935346977157121,Politics
538,306763438535897088,Sports
539,271790117616775168,Sports
540,302365781260378112,Sports
541,299065960114032641,Politics
542,305337520139431936,Politics
543,305894336804052992,Politics
544,265985858971267072,Sports
545,301526356813025280,Politics
546,2612597240,Sports
547,295986741528129537,Sports
548,306713216069795840,Sports
549,301823549923008512,Politics
550,302463616064557057,Politics
551,27902483361,Politics
552,298547155847761920,Sports
553,304667252387635200,Sports
554,306457705856503809,Politics
555,277773793013952512,Sports
556,304955907631099905,Sports
557,301772806004281345,Sports
558,301634381112569857,Sports
559,306327882777628673,Sports
560,296418415546085377,Politics
561,267836822275624960,Politics
562,306381842624434177,Politics
563,306116443873890304,Sports
564,234347757513625602,Sports
565,271206674348507136,Sports
566,305681315838164995,Sports
567,306247788080009216,Sports
568,304629705217290241,Sports
569,305782406152073216,Politics
570,234752520034074625,Sports
571,305676743329599488,Sports
572,273300025638006785,Sports
573,302321630863056896,Politics
574,306131972177158146,Sports
575,277195644341452800,Sports
576,303503372307279873,Politics
577,304332900986388480,Sports
578,305705727731851264,Politics
579,303268658522775552,Sports
580,234745788608172033,Sports
581,2817576647,Sports
582,304681733670989824,Politics
583,302052626705559552,Politics
584,304716057325760513,Sports
585,301737740368752641,Politics
586,256781452639879168,Sports
587,306006289425760256,Sports
588,269603509303902208,Politics
589,299620662027382784,Sports
590,306046984610009088,Sports
591,304532966523166720,Sports
592,27780456012,Sports
593,304699402109456384,Sports
594,276223191041597440,Sports
595,245194394804813824,Sports
596,306667668923105280,Sports
597,304630330025996288,Politics
598,302280768351252480,Sports
599,304265450873835521,Politics
600,290982494474489856,Politics
601,278223313665404929,Sports
602,306402112512864258,Sports
603,304512131456458752,Sports
604,296745094617387008,Politics
605,234318766475972611,Sports
606,301477337726349312,Politics
607,277876159671312384,Politics
608,299437432137453569,Sports
609,288085983319171072,Politics
610,302744489578082306,Sports
611,294483339052736512,Sports
612,5706319759,Sports
613,304868919443857411,Politics
614,297605686848786432,Sports
615,306068162993065984,Sports
616,296258367188516865,Sports
617,304694422489145344,Sports
618,301526609536634880,Politics
619,306170495148126210,Sports
620,296922978858438656,Sports
621,290932559758630912,Politics
622,306718946936102913,Sports
623,306820060507430913,Politics
624,297964430128451584,Sports
625,297660609531629568,Politics
626,280812321947938816,Politics
627,274643483170594818,Sports
628,301366503062773760,Politics
629,306499815158718464,Sports
630,301279827669950464,Sports
631,301914202828836866,Politics
632,304272240625713153,Politics
633,296329823561854976,Sports
634,303904034287386624,Sports
635,298929657674338306,Sports
636,303513544937308160,Politics
637,305691354451808258,Sports
638,303720988682625024,Sports
639,304814992702705664,Politics
640,306371899364085761,Politics
641,5291661217,Politics
642,306085478837407744,Sports
643,297376038021906433,Sports
644,305348420879667200,Politics
645,302804604456951809,Politics
646,303917213860122624,Sports
647,2453178724,Sports
648,298302707721195521,Sports
649,305371833635569665,Sports
650,306470602141741057,Sports
651,297320358950862848,Sports
652,298451015907282945,Sports
653,306215832902569984,Sports
654,302180445452369920,Politics
655,306666098298867712,Politics
656,302517631141953536,Sports
657,305353511800016896,Sports
658,302001478015537152,Sports
659,268050980233420800,Politics
660,17358989923,Politics
661,304113696668528640,Sports
662,304513006388252672,Sports
663,297998474316750848,Sports
664,284707935387529216,Sports
665,306369386019688449,Sports
666,306058000668426240,Sports
667,19649778464,Sports
668,305662683896750080,Sports
669,305445672176476161,Sports
670,302353073924349952,Sports
671,302600129062514689,Politics
672,297992292499853312,Sports
673,293905917798408192,Politics
674,295974604659372034,Politics
675,269365478969978880,Politics
676,304715776391274497,Sports
677,13219952753,Sports
678,306303257196761088,Sports
679,306506773651656705,Sports
680,306706777792184321,Sports
681,301059363127304192,Politics
682,299669661363089408,Sports
683,262202233851097089,Politics
684,27780028160,Sports
685,300995219946627073,Politics
686,297606259450974208,Sports
687,303537791365705728,Politics
688,301041173865320448,Politics
689,306086362828910594,Sports
690,300924713503453184,Sports
691,306158854582980608,Sports
692,301527266008129536,Politics
693,298000938180935682,Sports
694,274243785897156608,Sports
695,234765809086496768,Sports
696,303860630232920064,Sports
697,303792020558852096,Sports
698,306357007693258753,Sports
699,305835767303909377,Politics
700,296006120928079872,Politics
701,15798501156,Politics
702,281752040143724545,Politics
703,299896065187012608,Politics
704,306739337435947009,Sports
705,298722817044803584,Politics
706,305978501620699136,Politics
707,304271431125041153,Sports
708,276441727252983808,Politics
709,301808411325108224,Politics
710,293770027843330048,Politics
711,260773506441179136,Politics
712,306287942949818368,Sports
713,306068072958136322,Sports
714,268225418098774016,Politics
715,304105306202468352,Politics
716,296163322087231489,Sports
717,299014510843412481,Politics
718,235107019244306432,Sports
719,234618688660185088,Politics
720,305334923580026881,Politics
721,306474341674139649,Sports
722,234820924627628033,Sports
723,306413630071635968,Politics
724,298580313725075458,Sports
725,303127017057026049,Sports
726,293440967795679234,Sports
727,306537980389122048,Politics
728,262948036865576960,Sports
729,306452793085009920,Politics
730,275330754286862336,Politics
731,299420209113071616,Sports
732,234774790848782336,Sports
733,297963411155853312,Sports
734,306827339453575168,Politics
735,305706251063537664,Politics
736,301727509865709569,Sports
737,291020499226607616,Politics
738,284324570578710528,Politics
739,279619889768046592,Politics
740,305069872063340544,Politics
741,293380056259100675,Sports
742,306823328398704642,Politics
743,303228474456416257,Politics
744,289815320217149440,Politics
745,305494260738846721,Sports
746,286272818558140417,Sports
747,15822815955,Politics
748,305769213660917760,Sports
749,305101215925153792,Politics
750,282024010810789888,Politics
751,297996113468854273,Sports
752,302461848232542208,Politics
753,306690154062565376,Sports
754,305676026900529152,Sports
755,293842210238119937,Politics
756,276972768531206144,Sports
757,306468031742226432,Sports
758,301655978368196608,Sports
759,302770438919032832,Politics
760,304253200779853825,Sports
761,304608497482469376,Politics
762,267040474072768512,Sports
763,304716433055698944,Sports
764,305956813726154752,Sports
765,306331197284438016,Politics
766,269626523756150784,Politics
767,292070943872937984,Politics
768,305824457111515136,Politics
769,306487599621623808,Sports
770,306802142742724609,Politics
771,291878582748332033,Politics
772,297972870796161024,Sports
773,305539800570662913,Sports
774,306409273632641025,Politics
775,306710150532702208,Sports
776,305681263669428226,Sports
777,284203246669668353,Sports
778,298720811467026432,Sports
779,301593516075778048,Sports
780,271523842118283264,Sports
781,305534630612856832,Sports
782,303514065538539520,Sports
783,14448427760,Politics
784,306328371338543105,Sports
785,297997564282826752,Sports
786,269176677073051649,Politics
787,269605857124302849,Sports
788,266450718477664257,Sports
789,294356601278713856,Politics
790,303814005179432960,Politics
791,306046391829020672,Sports
792,5729826313,Sports
793,301494933968269312,Politics
794,305989473144033280,Sports
795,304558312043737088,Sports
796,306621771858182145,Politics
797,301272315788939265,Sports
798,305288636088324097,Politics
799,304617333912125440,Politics
800,304592298048626688,Sports
801,304878131569905666,Sports
802,298440762096500737,Sports
803,305963030481604609,Sports
804,306050651706777600,Politics
805,293425351881785344,Sports
806,305708024645967872,Sports
807,266098245917364225,Sports
808,297946305639100417,Sports
809,299011927974236160,Sports
810,303956022991679488,Politics
811,5776710563,Sports
812,306789040072564736,Sports
813,306459471524274178,Sports
814,301720851764625408,Politics
815,300924477246689280,Sports
816,269328809759735808,Sports
817,301157289526702081,Politics
818,293378627905662976,Politics
819,306378921996349440,Sports
820,19817668013,Politics
821,304691059223560193,Sports
822,2341776479,Sports
823,305981187158056960,Sports
824,302045388146348032,Politics
825,300600741440131072,Sports
826,298441090590191617,Sports
827,305316253407514624,Politics
828,286086289869135872,Sports
829,305541813840785408,Sports
830,293960917530587137,Politics
831,301427477862039553,Politics
832,304537543435767808,Sports
833,306335770443120640,Sports
834,306501409757593600,Sports
835,306168447363067905,Sports
836,305625569469538304,Sports
837,234724881412001792,Sports
838,282023382793457664,Sports
839,306721635510136832,Sports
840,286757550886625280,Politics
841,2341727159,Sports
842,304514365908992000,Politics
843,299449872313090048,Sports
844,299368715647066112,Sports
845,306833722072788992,Politics
846,302119858982764545,Politics
847,304783214139031552,Politics
848,294542745421377536,Politics
849,279010345182441472,Politics
850,278286375781027842,Politics
851,299591845695062017,Sports
852,293734937809522689,Politics
853,303048911755571201,Politics
854,306804950506283008,Sports
855,287567098828427264,Politics
856,257959615193546752,Sports
857,297745493239418883,Sports
858,305984596187697153,Politics
859,306720762604183555,Sports
860,306328074348277760,Sports
861,234255822966890496,Sports
862,306829123194597376,Sports
863,291339643348189186,Sports
864,297942923822104578,Politics
865,305678318370426880,Sports
866,305971415960649729,Sports
867,306315797029064704,Sports
868,302103675571150848,Politics
869,304113441860354048,Politics
870,13220324725,Sports
871,305899686793990144,Sports
872,305585832675393536,Politics
873,304598845797564417,Sports
874,301530106441113601,Politics
875,301906164147449858,Politics
876,300535191888338945,Sports
877,302500440518557696,Politics
878,304259957514194945,Sports
879,278753405063815168,Politics
880,306112275318710273,Politics
881,306688651679645696,Sports
882,304509777344598016,Sports
883,300600535441108992,Politics
884,306825264514609152,Sports
885,298596404140584960,Sports
886,305553448567447553,Politics
887,255697574151983105,Sports
888,304803741859737601,Sports
889,306504468973907969,Sports
890,251331831411130368,Politics
891,299382556506349568,Politics
892,306477266429431808,Sports
893,273969831437533184,Politics
894,275767827154227200,Politics
895,301499515104546816,Politics
896,293373673748955136,Sports
897,306469497831825410,Politics
898,266032796873682946,Politics
899,242622979140382720,Politics
900,302427864626774016,Politics
901,305322327753777153,Sports
902,301902525248970752,Politics
903,304668002903789569,Sports
904,306368062620327936,Sports
905,298716779256086529,Politics
906,261148794412990464,Sports
907,296260208265662465,Sports
908,285805310961143809,Sports
909,305500834869952512,Politics
910,304668628358422528,Politics
911,298248713804058625,Sports
912,269629591612686336,Politics
913,280115180015341568,Sports
914,285576769208209409,Sports
915,294143027813957634,Sports
916,298228692746907648,Politics
917,298078255989268480,Sports
918,297934373930557440,Sports
919,306338192246861825,Politics
920,14334578730,Sports
921,305588420384792576,Sports
922,305352426372870144,Sports
923,297942377618882561,Sports
924,297602927969857537,Sports
925,302735996431237120,Politics
926,282031369180295168,Politics
927,299771782418800641,Politics
928,281750877310701568,Sports
929,306596916840513536,Sports
930,270229645616623616,Sports
931,297940280638832640,Sports
932,306800415629004800,Sports
933,305995722753458177,Sports
934,302035314816458752,Politics
935,304601126135791616,Politics
936,305878265233555456,Politics
937,298901495519260673,Politics
938,306058110441779201,Politics
939,269474992058691586,Sports
940,295975720100958208,Sports
941,299456232480194560,Sports
942,297722246292729856,Sports
943,267961203307970561,Sports
944,298011438558113792,Sports
945,299215777234554880,Politics
946,302551582212509697,Politics
947,305687142758248448,Sports
948,306144011339591680,Sports
949,298916549933277184,Politics
950,306459422048280576,Sports
951,305694084885004290,Sports
952,302033072247951360,Sports
953,287739452074389504,Sports
954,304303752322621440,Politics
955,305153508980703233,Politics
956,302029942697373696,Politics
957,304045235724509184,Politics
958,296571450918334464,Sports
959,296297413214343168,Politics
960,305923581181820928,Sports
961,306479197679935488,Sports
962,266005722930761729,Politics
963,304255009074323458,Sports
964,306393813444861952,Sports
965,306526751373283329,Sports
966,298011585589424128,Politics
967,304710461247598594,Sports
968,304711308731875328,Sports
969,2544774550,Sports
970,304517672811499520,Sports
971,296660947374837760,Politics
972,306024981438025729,Sports
973,298854848709931008,Politics
974,301737312981745664,Politics
975,299513791664754688,Sports
976,296764220765270016,Politics
977,306228913934327808,Sports
978,305879883266019328,Sports
979,306070448460931074,Sports
980,302526837777633281,Politics
981,301748672952143872,Politics
982,296456214286581760,Sports
983,262910384904749056,Politics
984,297017722569629696,Politics
985,301441203654754304,Politics
986,282024107195912192,Sports
987,302093551959945217,Politics
988,5717722013,Sports
989,299240366010413056,Politics
990,234770926699417600,Sports
991,297967730005512192,Politics
992,269656720555507713,Politics
993,293780670025699328,Politics
994,296576444618907650,Sports
995,304525875225976833,Politics
996,297297183298973696,Sports
997,305288304713142272,Politics
998,234785328311980032,Politics
999,298954204486180865,Politics
1000,279312426086830080,Sports
1001,292720251840376832,Politics
1002,306129882008653825,Politics
1003,306498065232183296,Politics
1004,306781731271372801,Sports
1005,306302076667961344,Sports
1006,271064294853054464,Sports
1007,301527288326021120,Politics
1008,296383585718513666,Politics
1009,298525182165934080,Sports
1010,296359305387589632,Politics
1011,297947967929847808,Sports
1012,304690372825726976,Sports
1013,300738810399047682,Politics
1014,282563672423952384,Politics
1015,5673817989,Sports
1016,304275061924302849,Politics
1017,273558740588961792,Politics
1018,306295702391255040,Sports
1019,303904114155339776,Politics
1020,297998741015760896,Sports
1021,300923925418872832,Sports
1022,303124635959042049,Sports
1023,305660639496515584,Sports
1024,304641654948769792,Politics
1025,306237291674861568,Sports
1026,306044497601650689,Politics
1027,297964022899302400,Sports
1028,306046608766812160,Sports
1029,306343040874864641,Sports
1030,304303190713716737,Sports
1031,234256459586732032,Sports
1032,257867343940698112,Sports
1033,306801164794601472,Politics
1034,298012560958054403,Sports
1035,5592245888,Sports
1036,305752166549819394,Sports
1037,300600331786661888,Politics
1038,268206218701594625,Politics
1039,304255967699275776,Sports
1040,282022204802232320,Politics
1041,305337793201180672,Sports
1042,266179261591855104,Politics
1043,306783964167827456,Sports
1044,299075508560330753,Sports
1045,305025076019990528,Politics
1046,305345615729156097,Sports
1047,306452723690250242,Sports
1048,303313586854445056,Politics
1049,2589821780,Sports
1050,304266087564984320,Politics
1051,299533669452877824,Politics
1052,270064000136536064,Sports
1053,305993981567827968,Politics
1054,234823604695605249,Sports
1055,304077586567421952,Sports
1056,306668324484415488,Sports
1057,296199528535687168,Sports
1058,306733130948149248,Sports
1059,306615343412047872,Sports
1060,303465964551417856,Politics
1061,306237288432664576,Sports
1062,282023094384746496,Sports
1063,306399336533749762,Sports
1064,297945092868689920,Sports
1065,298390635738697728,Sports
1066,297373587390730241,Sports
1067,299564898340450304,Sports
1068,298052747981357057,Sports
1069,298115257690374144,Politics
1070,306441431667580929,Sports
1071,268457535722369024,Sports
1072,306769856173338624,Politics
1073,295987433642786816,Sports
1074,306592242259353601,Sports
1075,304275137652457472,Politics
1076,306499488002998272,Sports
1077,304779563441979392,Sports
1078,306678238728556545,Sports
1079,270204196702273536,Sports
1080,306502306193604608,Sports
1081,306039754661695489,Sports
1082,301326318342119424,Sports
1083,296637512917598208,Politics
1084,303860895296139264,Sports
1085,306325865095127040,Sports
1086,306426279077486592,Politics
1087,304990490187677696,Politics
1088,298010581561131010,Sports
1089,296278345853833216,Sports
1090,296300445670993922,Politics
1091,304358984884838400,Sports
1092,234767580588564480,Sports
1093,305957211878875136,Sports
1094,305341282656608256,Sports
1095,298002784199004160,Politics
1096,305328461600407552,Sports
1097,305726167443443712,Sports
1098,306049723935125504,Politics
1099,306407775326588928,Sports
1100,306294139803295746,Sports
1101,304065948749541377,Sports
1102,306488822647095296,Sports
1103,298010423108718592,Politics
1104,306218654167625729,Politics
1105,273954486739931136,Politics
1106,5826336961,Sports
1107,234253632680378369,Politics
1108,286924245924208644,Sports
1109,306767770194935808,Politics
1110,301099560762224640,Politics
1111,294544436770267136,Sports
1112,306782969211789312,Sports
1113,296258938763091968,Politics
1114,303903870000717824,Sports
1115,297965675731894273,Sports
1116,297666091856035840,Sports
1117,305024117558616065,Sports
1118,291739427846373377,Politics
1119,278310707710279680,Politics
1120,304705293781188608,Sports
1121,297920806531506176,Sports
1122,299725771470143489,Sports
1123,304268805482352641,Politics
1124,306315737767763968,Sports
1125,299420183439757312,Sports
1126,3325821316,Sports
1127,306451167511187456,Politics
1128,236509105517391872,Sports
1129,305363015828656129,Sports
1130,306256363837870080,Sports
1131,297955353067401217,Sports
1132,5465301133,Sports
1133,306252446278242304,Sports
1134,289091138558783488,Politics
1135,299199618338656256,Politics
1136,306619785779765248,Sports
1137,306797838476640256,Sports
1138,270683172243640320,Politics
1139,306467680951619584,Sports
1140,10455737469,Politics
1141,269296906209984512,Sports
1142,306334079996002305,Sports
1143,303939573518573568,Sports
1144,27115507686,Sports
1145,304057474623881217,Politics
1146,306776569001701376,Sports
1147,300036449498189825,Politics
1148,303510887120117762,Sports
1149,3172794977,Sports
1150,306515239808139266,Sports
1151,306286602118893569,Politics
1152,304533803970461696,Politics
1153,302359804519800832,Sports
1154,306437270158864384,Politics
1155,304270812473618432,Politics
1156,288448293187485696,Sports
1157,305103039541420032,Politics
1158,302453173371691008,Sports
1159,243781193051545600,Sports
1160,303350171033554944,Sports
1161,286529992848969728,Sports
1162,305573066082230273,Sports
1163,305484771126018048,Sports
1164,306101451808186368,Politics
1165,302470313336242176,Politics
1166,2344669277,Sports
1167,294476612307648512,Sports
1168,285649629268287489,Politics
1169,306730904229920768,Politics
1170,280527449710809088,Politics
1171,305702147658489856,Sports
1172,305035891297099776,Sports
1173,304234351523151873,Sports
1174,240110864085168129,Politics
1175,2387867360,Sports
1176,305679563596374018,Sports
1177,292019857606717441,Politics
1178,306477391172235264,Sports
1179,268225446582288385,Politics
1180,296080243972767745,Politics
1181,304625077582974978,Politics
1182,301735793456717824,Politics
1183,305801775670239232,Politics
1184,234389130602246144,Sports
1185,306346491981742080,Politics
1186,297954130859786240,Politics
1187,303409950502305792,Politics
1188,298010763174477824,Sports
1189,305039080478081024,Politics
1190,300862443008176128,Sports
1191,306462140695474178,Politics
1192,274304778123739136,Politics
1193,303855491640078336,Politics
1194,269657517984993281,Politics
1195,306159080492380160,Politics
1196,273957012004560896,Politics
1197,305680943627264000,Sports
1198,305682352925982720,Sports
1199,301734256097492992,Politics
1200,306584370116972545,Sports
1201,293384888374145025,Sports
1202,299918120158625792,Sports
1203,291734551703736320,Politics
1204,275850765120188416,Politics
1205,306116388731375617,Sports
1206,304761947067400193,Politics
1207,302732967715946496,Politics
1208,306354136956424194,Sports
1209,234280133274529792,Sports
1210,301526586367299584,Politics
1211,305357693479170048,Politics
1212,5838030728,Sports
1213,269633719072067585,Politics
1214,301001102629933057,Sports
1215,299577239769591808,Politics
1216,306013299257004034,Sports
1217,2334568415,Sports
1218,305800339389550592,Politics
1219,300308472925392896,Sports
1220,305311853196763136,Sports
1221,306813094041108480,Sports
1222,11364824283,Politics
1223,306263024619094016,Sports
1224,293829947028537344,Politics
1225,268913791029370882,Sports
1226,306671310229082112,Sports
1227,296667926692503552,Politics
1228,302725018473877504,Politics
1229,305699639754108928,Sports
1230,264339166719000576,Politics
1231,234581252383051777,Sports
1232,305877947871547392,Sports
1233,234760262887018496,Politics
1234,303853087699910656,Politics
1235,285831441282109441,Sports
1236,306268172032552960,Politics
1237,306597232101167104,Sports
1238,304253771595280384,Sports
1239,27772641160,Politics
1240,296793699881463808,Politics
1241,305327570042384384,Sports
1242,303921958087704576,Sports
1243,289744117649514497,Politics
1244,301732631454814208,Sports
1245,301524640789041152,Politics
1246,304305477372743680,Sports
1247,306470036967673857,Sports
1248,289742296843427841,Politics
1249,234821778810232832,Sports
1250,306514221863149569,Sports
1251,287315184169656320,Politics
1252,7383876851,Sports
1253,306061890327568384,Sports
1254,300043896069685248,Politics
1255,305725487160889345,Sports
1256,297356928340856832,Sports
1257,299381980582252546,Sports
1258,297997954315333632,Sports
1259,298009640111857664,Sports
1260,10037967998,Sports
1261,255696894536331264,Sports
1262,306051458766348290,Sports
1263,257956995422887938,Sports
1264,304499859740848128,Politics
1265,301610990645153794,Sports
1266,306353016758472705,Sports
1267,15271369916,Sports
1268,306346543378726913,Sports
1269,296289669879054336,Sports
1270,299286068400898048,Politics
1271,5718002800,Sports
1272,299700471919161345,Politics
1273,306046360933765120,Sports
1274,2360143274,Politics
1275,304179643894861825,Sports
1276,299364239112556545,Sports
1277,306830047581466624,Sports
1278,304690018964893696,Sports
1279,305629371530616832,Sports
1280,298440647952703489,Sports
1281,295851740023123968,Sports
1282,297994110525136899,Sports
1283,276392750918803456,Politics
1284,305321211007737856,Sports
1285,305376121313181696,Politics
1286,269646220723638272,Sports
1287,306415722656059395,Politics
1288,298721893530345472,Sports
1289,305787186106732545,Sports
1290,304276940418850816,Sports
1291,306046494019047424,Sports
1292,306745571924905985,Politics
1293,293118268909187073,Sports
1294,303500427780050946,Politics
1295,16074130189,Sports
1296,259315074500550656,Sports
1297,306697158785105920,Sports
1298,297006376738238464,Politics
1299,306744352707842048,Sports
1300,306526240301531136,Politics
1301,300968337041666049,Sports
1302,305682405044412416,Sports
1303,234787367532257281,Sports
1304,302126762161238016,Politics
1305,306763600859648000,Sports
1306,304623110009802754,Politics
1307,300446797850091521,Sports
1308,302273894943969280,Politics
1309,296433012898426880,Sports
1310,303855005184692224,Politics
1311,297968038735646721,Sports
1312,303904294518796288,Politics
1313,306512881296486401,Sports
1314,298013008288968704,Sports
1315,286574963215958018,Politics
1316,305981150105571328,Sports
1317,304698315814084608,Politics
1318,302098755765809153,Politics
1319,302565377047658496,Sports
1320,304625411978047488,Sports
1321,301731675308716032,Politics
1322,293459243800068096,Politics
1323,305765419082461184,Politics
1324,302124706562195456,Politics
1325,299175660725882881,Politics
1326,298494977971986432,Politics
1327,302705362811895808,Sports
1328,305699562989948928,Sports
1329,301371804935655424,Politics
1330,299531220860145664,Politics
1331,296767258552844289,Politics
1332,303235964736794625,Sports
1333,306487414883495936,Sports
1334,284291777186373632,Sports
1335,305828211378499586,Politics
1336,306668023819927552,Politics
1337,299207272704385024,Politics
1338,306770165977202688,Politics
1339,299343026977898496,Politics
1340,306805626883948544,Sports
1341,304028530000412673,Politics
1342,235119471981899776,Politics
1343,305560982116237315,Sports
1344,302138854981386240,Politics
1345,11610377054,Politics
1346,299579820180905984,Politics
1347,305746576708624388,Sports
1348,276354307597668352,Politics
1349,297996597449596928,Sports
1350,303853134764208128,Politics
1351,303811429541240832,Politics
1352,306439019242348544,Sports
1353,304270478682509312,Politics
1354,301458260853157889,Sports
1355,306267471667662849,Sports
1356,298115632292048896,Sports
1357,305699043865153537,Sports
1358,304684095366107136,Sports
1359,302096569530978304,Sports
1360,299258859925684224,Sports
1361,297951141520613376,Sports
1362,293379098359783425,Politics
1363,13219843403,Politics
1364,306044273659371520,Politics
1365,300782564082339840,Sports
1366,26332844521,Sports
1367,305477192840798208,Sports
1368,297355118788108288,Sports
1369,276876663197929472,Politics
1370,306043088764289025,Politics
1371,305663908109234177,Sports
1372,289811885359001600,Politics
1373,292308569989193728,Politics
1374,306097353163673601,Sports
1375,300457155117584385,Sports
1376,259025972161028097,Sports
1377,305688574857187329,Sports
1378,294598838013014017,Politics
1379,295253604347039744,Politics
1380,291596552126996480,Sports
1381,297947022244315136,Sports
1382,297883014271221760,Politics
1383,303710068229152768,Politics
1384,306791822649327617,Sports
1385,298002327464452096,Sports
1386,306485649664512001,Politics
1387,274088493955809281,Sports
1388,306336586994429952,Sports
1389,294855439433224192,Politics
1390,306374594674188288,Sports
1391,299179090693476354,Sports
1392,306230758559850499,Politics
1393,298441479305699328,Sports
1394,281775741799120896,Politics
1395,301856195088621568,Sports
1396,297961896689156097,Sports
1397,299419741125214208,Politics
1398,284777554475356161,Politics
1399,306132385223811072,Sports
1400,264136179564302336,Politics
1401,305328887007703041,Politics
1402,297961630812229632,Sports
1403,299026669967122432,Sports
1404,306456094300073984,Sports
1405,239005442272030721,Sports
1406,27115650176,Sports
1407,301737231402557440,Sports
1408,301294109140844547,Sports
1409,2605604139,Sports
1410,2423227459,Sports
1411,301255331332386818,Sports
1412,303193271201562624,Sports
1413,306769943976882176,Politics
1414,263972911491215360,Politics
1415,5826063662,Sports
1416,299450254523265024,Sports
1417,300956320469770240,Sports
1418,282022723092348929,Sports
1419,265982107791282176,Sports
1420,306729105397788672,Sports
1421,303129085805211648,Sports
1422,305715518764113920,Sports
1423,305754110156742656,Sports
1424,303877989899309056,Sports
1425,304043572787830784,Politics
1426,279762798660177920,Politics
1427,301266676933079040,Politics
1428,305696949976330240,Sports
1429,297972594693529600,Sports
1430,297668729154727937,Sports
1431,306417026715508739,Sports
1432,304265944899928065,Sports
1433,5591365189,Politics
1434,302989250805243906,Politics
1435,304683931314298881,Sports
1436,300981885507616768,Politics
1437,298908982809083905,Politics
1438,292636898470535169,Sports
1439,276064036968333312,Sports
1440,296799391845597184,Politics
1441,305381172408643585,Sports
1442,300981842876715008,Politics
1443,301701283587428352,Politics
1444,306659235259895808,Sports
1445,306373062130024450,Sports
1446,299203902941835265,Sports
1447,304686277477933056,Sports
1448,304788953024827392,Politics
1449,276848419388153856,Sports
1450,297114973358940161,Sports
1451,269799311032868864,Politics
1452,293447807333978112,Sports
1453,302526593572667392,Politics
1454,297666063867469824,Politics
1455,306146564596973568,Sports
1456,270075788534112256,Sports
1457,306459332285980674,Politics
1458,27774717768,Sports
1459,298075757278797824,Politics
1460,304290434941845504,Politics
1461,306018699553419264,Politics
1462,240903588015124480,Sports
1463,297066542158446592,Politics
1464,300471567891177472,Politics
1465,304693962025865219,Sports
1466,291654029090619392,Sports
1467,305325999984345088,Sports
1468,304272128415518720,Sports
1469,306782862261235713,Sports
1470,277932578491731968,Politics
1471,304688020207071232,Sports
1472,306449971056615424,Sports
1473,14448262437,Sports
1474,304712196108189696,Sports
1475,306531355225890817,Politics
1476,306744530655383552,Politics
1477,306273427034087426,Sports
1478,306403916319444993,Sports
1479,303721109747032064,Politics
1480,303820424855306240,Politics
1481,306138499214618624,Sports
1482,306478575945646080,Sports
1483,297998949686599680,Politics
1484,305978122610806784,Sports
1485,306128683444359168,Sports
1486,301777779970695169,Politics
1487,299802833648230402,Sports
1488,298720640196833280,Sports
1489,305311530826743808,Sports
1490,306431379057569793,Politics
1491,306074010331013121,Sports
1492,301526372793323520,Politics
1493,298935420010524672,Politics
1494,299449936255262721,Sports
1495,302189889464700929,Politics
1496,5652454566,Politics
1497,5605816389,Sports
1498,302486734908829696,Sports
1499,301623859642249216,Politics
1500,306770636913651712,Sports
1501,295938197844795392,Sports
1502,301933870989864961,Politics
1503,305691548249624576,Sports
1504,300309622533783552,Sports
1505,306017345078444033,Sports
1506,299544644780453888,Politics
1507,304855027145658368,Politics
1508,257867610329329664,Sports
1509,298240037621997568,Sports
1510,306455477389250560,Politics
1511,234286233717723136,Sports
1512,297432639332290560,Sports
1513,288795590559662080,Politics
1514,274178467455717376,Sports
1515,302041218420994048,Sports
1516,303853942926897152,Sports
1517,279292572294324224,Sports
1518,266668625358901248,Politics
1519,15672880410,Sports
1520,301000059368120320,Politics
1521,300924272245878786,Sports
1522,306624807888367616,Sports
1523,304067908756185088,Politics
1524,305598766881337344,Politics
1525,306416681339723777,Sports
1526,306325632520974338,Politics
1527,296908747245223936,Politics
1528,301458731026223105,Sports
1529,305986015447887872,Sports
1530,2816569486,Sports
1531,2320824247,Sports
1532,270351228406472705,Politics
1533,234388556230053889,Politics
1534,293563058897424386,Politics
1535,302483289548128256,Politics
1536,302229148997394434,Sports
1537,5674412035,Politics
1538,299192440907247616,Sports
1539,306566493691334656,Politics
1540,301247824866209793,Politics
1541,306207366121144320,Sports
1542,304878689269731328,Sports
1543,305574025483128835,Politics
1544,295271215256444928,Politics
1545,306320199215357952,Sports
1546,298941684325171200,Politics
1547,304682324652589056,Politics
1548,300924172350128129,Sports
1549,299463550534033409,Sports
1550,305966981784408064,Sports
1551,306238033613713408,Sports
1552,257875991798640640,Sports
1553,297356811705667584,Politics
1554,263972080041750529,Sports
1555,241290364470841344,Sports
1556,305497162467405824,Politics
1557,301526730198355968,Politics
1558,305587895656402944,Sports
1559,234310699604643840,Sports
1560,5368882168,Politics
1561,305607581488001024,Sports
1562,296917124293726208,Sports
1563,306074086814126080,Sports
1564,269627384481865728,Politics
1565,279058259330097153,Politics
1566,306351732923961344,Sports
1567,305935097905958912,Politics
1568,293391720236847106,Politics
1569,290935134868365313,Politics
1570,293790180832333824,Politics
1571,282267856077484032,Sports
1572,280579688529797122,Politics
1573,300924896500912128,Sports
1574,234288391506755584,Sports
1575,304875839936421888,Sports
1576,304710756228820992,Sports
1577,306334310762430466,Sports
1578,267519900321460224,Sports
1579,297944031655247873,Sports
1580,295840282241548288,Sports
1581,305689307472089088,Sports
1582,305368890303709184,Sports
1583,302099814080991234,Sports
1584,300923978254524417,Politics
1585,299258847837700096,Politics
1586,301676735425048576,Politics
1587,306080466870607872,Sports
1588,286529862062182400,Sports
1589,305898934855954433,Sports
1590,306722378736615424,Politics
1591,291726818371846144,Politics
1592,305675142024024065,Sports
1593,297948913372110848,Sports
1594,299071276708929536,Sports
1595,299420027780734976,Politics
1596,248778514130690048,Politics
1597,27114916785,Politics
1598,305663843118481408,Politics
1599,27779863149,Sports
1600,302224481932423168,Politics
1601,291293915636707329,Politics
1602,5673724359,Sports
1603,297719629944590336,Politics
1604,304275837593718784,Politics
1605,301731872017354752,Politics
1606,306046747514396672,Sports
1607,302239957446168577,Sports
1608,257957376211173376,Sports
1609,295253972330094592,Sports
1610,297952047624499200,Sports
1611,2547502740,Sports
1612,305267123431829504,Sports
1613,304702450168918016,Sports
1614,298011112111218688,Sports
1615,304985889304629248,Sports
1616,269997417515069441,Sports
1617,234658949981405184,Sports
1618,234281737625149443,Sports
1619,306723431242674177,Sports
1620,306223617866354688,Sports
1621,298006571252854785,Sports
1622,305932392823128064,Politics
1623,268566843340513280,Politics
1624,306769955196641280,Politics
1625,298239684436443137,Politics
1626,304687813583044608,Sports
1627,302118687396200448,Politics
1628,305120104625102848,Sports
1629,297976590749540352,Sports
1630,296260415074217986,Sports
1631,305802309802278913,Sports
1632,301730462076907520,Politics
1633,306102580268900352,Politics
1634,305682191269117953,Sports
1635,298012847580000257,Politics
1636,297685481657868288,Sports
1637,234762655775195137,Sports
1638,306353057577455617,Sports
1639,303511170554400768,Sports
1640,297243743638151169,Sports
1641,297933503977369600,Sports
1642,299449371525795841,Sports
1643,278713310877200385,Sports
1644,305998893534031872,Politics
1645,304563929076621312,Politics
1646,306187394426736642,Sports
1647,305679525478555648,Sports
1648,305910465475772416,Sports
1649,301755339559301120,Politics
1650,287304368380854272,Politics
1651,302419185164763136,Politics
1652,305366078337454080,Sports
1653,297953264866037760,Sports
1654,303873114461310976,Politics
1655,270764914925260801,Sports
1656,273565808112848896,Sports
1657,234309170189443072,Sports
1658,304516805903392769,Politics
1659,304683266747793408,Sports
1660,304798925473325056,Sports
1661,305727251977220096,Sports
1662,303844977627258880,Politics
1663,295840101311868928,Sports
1664,13220366645,Sports
1665,299446693894696960,Sports
1666,297357024260411392,Sports
1667,304738225073815552,Sports
1668,306044433432985600,Sports
1669,305702285986627584,Sports
1670,305499526943367170,Politics
1671,292872952163233793,Politics
1672,293051563348471811,Politics
1673,306052712385105922,Sports
1674,271192200648474626,Sports
1675,296269067667517441,Politics
1676,295978186750177280,Politics
1677,306084822600777730,Politics
1678,299460268545695745,Sports
1679,295193019966160897,Sports
1680,306431168302153729,Politics
1681,270276249128140800,Politics
1682,269380278013816832,Sports
1683,306133355072724992,Sports
1684,299089973343293440,Sports
1685,306033251196227585,Sports
1686,302466132022018048,Sports
1687,13220027591,Sports
1688,305716185528430592,Sports
1689,297957931591270400,Sports
1690,302701143434346496,Sports
1691,234736603531198464,Sports
1692,306423313691971584,Sports
1693,302796539833749505,Politics
1694,306752108835794944,Sports
1695,303720639842353152,Sports
1696,304517922192257024,Politics
1697,294585097036918785,Politics
1698,306234857237905408,Sports
1699,296181119496380416,Politics
1700,5682801123,Politics
1701,305281245523357696,Politics
1702,306256927892049920,Sports
1703,299044663279644673,Sports
1704,306405246391959553,Sports
1705,305859184086372352,Politics
1706,13220226916,Sports
1707,306741684941778944,Sports
1708,302462751886942208,Politics
1709,298013430886064128,Sports
1710,305696067939352576,Sports
1711,276431041395294208,Politics
1712,301526661885726720,Politics
1713,306383303995453440,Sports
1714,297945794248585216,Sports
1715,298012342610968576,Sports
1716,306372302998740992,Politics
1717,297947495722545152,Sports
1718,306223481190764544,Sports
1719,301891292038828032,Politics
1720,306342474262142976,Politics
1721,305583405523935232,Sports
1722,306674767375765504,Sports
1723,285642525006508034,Sports
1724,303134580234403840,Politics
1725,302735705040363520,Sports
1726,234590699226558465,Sports
1727,302362330929455104,Sports
1728,296447764932489216,Politics
1729,297971233742520320,Sports
1730,304776341973245952,Politics
1731,306459510820700160,Sports
1732,306498885302501376,Sports
1733,306390067918802944,Sports
1734,305303589193129984,Sports
1735,305870259603243008,Sports
1736,284086525145260033,Politics
1737,2393708223,Sports
1738,299437500257148928,Sports
1739,302452261806821377,Politics
1740,302111563140177920,Politics
1741,303127480611524609,Politics
1742,305733784626688000,Sports
1743,302432297548922880,Politics
1744,234751841387294722,Sports
1745,302736877532897280,Politics
1746,290714533683662848,Sports
1747,299419803729399808,Sports
1748,299171321345085440,Sports
1749,290618921713815552,Politics
1750,306101276276584448,Sports
1751,298441174539190272,Sports
1752,302500143020797952,Politics
1753,270379702038966272,Sports
1754,284380659932344321,Politics
1755,305636956266696704,Sports
1756,302316267010928640,Sports
1757,274224863735078912,Politics
1758,306498107741437952,Sports
1759,281425524407037952,Politics
1760,301643737837219840,Politics
1761,295975953644023808,Sports
1762,234784593528643584,Sports
1763,293465560677748736,Politics
1764,305995571716567040,Sports
1765,298106025792397313,Politics
1766,304272158035673088,Politics
1767,270251104032419840,Politics
1768,305699819127705600,Sports
1769,302501818984960000,Sports
1770,301638815855046657,Politics
1771,304238823762718721,Politics
1772,297251302759604224,Politics
1773,297950195637944320,Politics
1774,301718858019008514,Sports
1775,242618929846038528,Sports
1776,296758940916645888,Sports
1777,296418848620572672,Sports
1778,306481314645815296,Sports
1779,306158491402375168,Sports
1780,263997000373121028,Sports
1781,297956427266400256,Politics
1782,234323042849918977,Sports
1783,296707305674776576,Sports
1784,304596740533796864,Sports
1785,278732480255754240,Politics
1786,246611866829332481,Politics
1787,304831112151199744,Politics
1788,302185689301274625,Sports
1789,272889956953894912,Sports
1790,303195186782154752,Sports
1791,299033726854250496,Sports
1792,306160867014221824,Politics
1793,305694153751293952,Sports
1794,306707536864755713,Sports
1795,271192669957541888,Sports
1796,305882072185200640,Politics
1797,234782752262737920,Sports
1798,306006666774724608,Politics
1799,295979429853814784,Sports
1800,8044797677,Politics
1801,305589966455574528,Politics
1802,299571004206886913,Politics
1803,234383532145913856,Sports
1804,304875185809534976,Politics
1805,264046658466230272,Politics
1806,304607444993208320,Politics
1807,265644505355669504,Politics
1808,294978232611127296,Politics
1809,297992913978281984,Sports
1810,279290660358598657,Politics
1811,269147466006421504,Politics
1812,304020542166560768,Politics
1813,262202233771413504,Politics
1814,304619917406253056,Politics
1815,301269531328913409,Sports
1816,306341083103784961,Politics
1817,14055036749,Politics
1818,305651852379299842,Politics
1819,296913423957118976,Sports
1820,269298258935939072,Sports
1821,305692705583947776,Sports
1822,305699246756200448,Sports
1823,305689594165334016,Sports
1824,289785794502221825,Sports
1825,301258149820772352,Politics
1826,285953436699213824,Politics
1827,306328404364513280,Sports
1828,304100885003374593,Politics
1829,306269898961723393,Sports
1830,301526913921466368,Politics
1831,296661411738828800,Politics
1832,301913570898214912,Politics
1833,306409444756041729,Sports
1834,296698755082756096,Sports
1835,285792266839281664,Politics
1836,300518656880812032,Politics
1837,2453238341,Politics
1838,305301443886346242,Sports
1839,273463966355836929,Politics
1840,306057492868247553,Sports
1841,293817521222594560,Politics
1842,296198114828746752,Sports
1843,248048765934653440,Politics
1844,306543089139458048,Sports
1845,305211638049546240,Sports
1846,304275922561929217,Politics
1847,298628026151870465,Politics
1848,305663767189024768,Sports
1849,297925860969836544,Politics
1850,3325918786,Sports
1851,297996718807584768,Sports
1852,281394474154852352,Sports
1853,304316228216975364,Sports
1854,301524982805180416,Politics
1855,299350941260468224,Sports
1856,305317705769156609,Sports
1857,234727216804687872,Politics
1858,298013349831131136,Sports
1859,303728065320742912,Politics
1860,279667138602610688,Sports
1861,306478781772726272,Politics
1862,306495824496586752,Sports
1863,305442753024761856,Sports
1864,302170074498887680,Politics
1865,297921251060641792,Politics
1866,297952542451707904,Sports
1867,277129563929210880,Sports
1868,234725025268264961,Sports
1869,298917790054744065,Politics
1870,301760547907567617,Politics
1871,305656611307937795,Politics
1872,296439672694009856,Politics
1873,298276447766863874,Sports
1874,13192948019,Sports
1875,304577350807461888,Sports
1876,269653324322721792,Sports
1877,295977166661906433,Politics
1878,299530897823244288,Politics
1879,306587831013343232,Politics
1880,306156391796727809,Sports
1881,302950853936033792,Sports
1882,305559660423954433,Sports
1883,304761884387708928,Politics
1884,301269594558062592,Sports
1885,297507795572498434,Sports
1886,297416475298369537,Politics
1887,306741048380649473,Sports
1888,268224966879752192,Sports
1889,301750044284043264,Sports
1890,306371222575386625,Sports
1891,299433229881057281,Sports
1892,297966023661985793,Sports
1893,305965472258617344,Sports
1894,306370252047003648,Politics
1895,303512998025256960,Politics
1896,298879618050560001,Politics
1897,305793484244283392,Politics
1898,261150573003411457,Sports
1899,305927970856521729,Sports
1900,297298802656817152,Sports
1901,297239336305426433,Sports
1902,299220281069813761,Sports
1903,264077956949876736,Sports
1904,297356955079557120,Politics
1905,9330274817,Politics
1906,303721362290253824,Politics
1907,302212709833916418,Politics
1908,306516720582017026,Sports
1909,263341768215494656,Politics
1910,305090238861168641,Sports
1911,276146519604854784,Sports
1912,298011240033296384,Sports
1913,306176752596701185,Politics
1914,302774879919415296,Politics
1915,304933302542938114,Politics
1916,305678298699141120,Sports
1917,306110768938622976,Sports
1918,306495145648472064,Sports
1919,299924432418390016,Politics
1920,297952891845623809,Sports
1921,301675141862141954,Sports
1922,304695243352190976,Sports
1923,305303469114421248,Sports
1924,266414158587785216,Politics
1925,278295646727991296,Politics
1926,278902067270148096,Politics
1927,245874429094162432,Politics
1928,295938086720921600,Politics
1929,306479482183770112,Sports
1930,294542872361967616,Politics
1931,298893863274307584,Politics
1932,305733968127471617,Sports
1933,305697108600700928,Sports
1934,296254241876619265,Politics
1935,306706384437776384,Politics
1936,306362821518716928,Politics
1937,275772371858763776,Sports
1938,303996145871486976,Politics
1939,303745227129245696,Sports
1940,302410709483016192,Sports
1941,276511307660918784,Sports
1942,302208257454395393,Politics
1943,302737816545284096,Politics
1944,303892799231758337,Sports
1945,305982041076408320,Sports
1946,301754474962235392,Politics
1947,306084984287019011,Politics
1948,302747133109473280,Sports
1949,293543473263566848,Politics
1950,304958922345811968,Sports
1951,234286364928118784,Sports
1952,305971548265779200,Politics
1953,306053110323884033,Sports
1954,298115609739276289,Sports
1955,268875858515750912,Politics
1956,297956715222155265,Sports
1957,306821358006960130,Sports
1958,300950403028226048,Sports
1959,306765990623055872,Politics
1960,305392151762702336,Sports
1961,306257886940643328,Sports
1962,26319885991,Politics
1963,281529871157559297,Sports
1964,306506318255099904,Sports
1965,304817603782791168,Politics
1966,301177854853529602,Politics
1967,304266601375608832,Politics
1968,2817573427,Sports
1969,305665704001146880,Politics
1970,304260257717301249,Sports
1971,234771618646343680,Sports
1972,298928540513091585,Politics
1973,286580776340959234,Politics
1974,304267285491757057,Politics
1975,304645250301952000,Sports
1976,297320584931598336,Sports
1977,305806279409037312,Sports
1978,305322100506365952,Sports
1979,297945962574393344,Sports
1980,306619072337047552,Sports
1981,306345051972313088,Sports
1982,298010884628967424,Sports
1983,296338280570572801,Sports
1984,305618601526824960,Sports
1985,234788732555902976,Sports
1986,234649486142631936,Sports
1987,234664237203587072,Sports
1988,301733442691952640,Politics
1989,290850249717714946,Sports
1990,302149302506102784,Politics
1991,273636538255015938,Sports
1992,298245073756381185,Sports
1993,265984230549495809,Politics
1994,304527889515302912,Politics
1995,299060237535678464,Sports
1996,297996278133047296,Sports
1997,301536922344497153,Politics
1998,293834949600100352,Politics
1999,306608324860858368,Sports
2000,306497764366364672,Politics
2001,305994589964234753,Sports
2002,306801664608841728,Politics
2003,16152523061,Sports
2004,294867698943414272,Politics
2005,300545576221675520,Sports
2006,306536193095507968,Sports
2007,2469561395,Politics
2008,301264241606934528,Sports
2009,297975257703264256,Sports
2010,306477321228005377,Sports
2011,270430919544950784,Sports
2012,304274750333648897,Politics
2013,299177322043555840,Sports
2014,293402888271720449,Sports
2015,293479585914433536,Sports
2016,298441007643639809,Sports
2017,301753921116962818,Sports
2018,306081987452604417,Politics
2019,306084269137199105,Politics
2020,306701311691341824,Sports
2021,268225359592443907,Sports
2022,306673929815216128,Sports
2023,276144750107701248,Politics
2024,306390057764397056,Sports
2025,10830979974,Sports
2026,306508501562302464,Sports
2027,301027338647371777,Sports
2028,304097144011366401,Politics
2029,306057869361561600,Politics
2030,304271553519042561,Politics
2031,275987620994093058,Sports
2032,306705251560480768,Politics
2033,269805848602226688,Politics
2034,301731142296535040,Politics
2035,303852940446298113,Sports
2036,303884815558656000,Politics
2037,304700565370306560,Sports
2038,306346610068160512,Sports
2039,303919127922368512,Sports
2040,300546165550759936,Politics
2041,306694659915268098,Sports
2042,303230694711242753,Sports
2043,299069115522506753,Sports
2044,297357422413107200,Sports
2045,270254980160708608,Sports
2046,305266442000035840,Politics
2047,305717667552174081,Sports
2048,298974099861041152,Politics
2049,266844792477077504,Sports
2050,306497511504347136,Sports
2051,303720042057588737,Politics
2052,305554329966899200,Sports
2053,301313058448502784,Politics
2054,288337571652698112,Politics
2055,304101224339341312,Politics
2056,302310865942749185,Sports
2057,306352772767444993,Politics
2058,276410212196425729,Politics
2059,303537248324972545,Sports
2060,305677721562927104,Sports
2061,306641578536103937,Politics
2062,234291529013919745,Sports
2063,306458452602019840,Sports
2064,305739873065791488,Sports
2065,297963855018070016,Politics
2066,304097556118519809,Politics
2067,305367382141042688,Sports
2068,306680337466023936,Sports
2069,303706525594177537,Sports
2070,303992427906215936,Sports
2071,305611431062167552,Sports
2072,306071311405420544,Politics
2073,2328535470,Sports
2074,306133604252151808,Sports
2075,306009692625317889,Sports
2076,302725202238914561,Politics
2077,300454961060388864,Sports
2078,299206795904290817,Politics
2079,299205036586713091,Politics
2080,6187403717,Politics
2081,305681361933578240,Sports
2082,306067834109321217,Sports
2083,306343982265409536,Sports
2084,270419534169640960,Sports
2085,303538206589214720,Sports
2086,297959639897763840,Sports
2087,296434669451370497,Sports
2088,306481017550667777,Sports
2089,13632122683,Politics
2090,301998719811862528,Sports
2091,279293277138726912,Sports
2092,295840965543997440,Sports
2093,293485710667808769,Politics
2094,278663980581548032,Politics
2095,304952983291047936,Politics
2096,295975998598553600,Sports
2097,299040606632677377,Sports
2098,28841368718,Politics
2099,296734780790292481,Sports
2100,294921583292735489,Politics
2101,306704028732104704,Sports
2102,271189122255835136,Sports
2103,305560896531492864,Politics
2104,306047137475600386,Sports
2105,306817265410650112,Sports
2106,305697854918373376,Politics
2107,301100939434131456,Politics
2108,305073848494211074,Politics
2109,265497166162825216,Politics
2110,234387216477073410,Sports
2111,305955854023286784,Politics
2112,302075670777954307,Sports
2113,301890540939644929,Sports
2114,302828579446747137,Politics
2115,305651344033845248,Politics
2116,295913097443540993,Politics
2117,265545718457065472,Sports
2118,301435874661507073,Politics
2119,306365626543390721,Sports
2120,299480190785044480,Sports
2121,281531611063918592,Politics
2122,306823776522346496,Politics
2123,276345629649809408,Politics
2124,306802173134651393,Sports
2125,302126684314951681,Politics
2126,305980436444749825,Sports
2127,304836687580770304,Sports
2128,306501527118426112,Politics
2129,301905305493721088,Sports
2130,305072663334899712,Sports
2131,303875434402152449,Politics
2132,297665795473936384,Sports
2133,2403498987,Sports
2134,5830502202,Sports
2135,285548591496437761,Politics
2136,19720344673,Sports
2137,305609855870304258,Sports
2138,306234017949306880,Sports
2139,300924532821221376,Sports
2140,302452026615427072,Politics
2141,306290767557709824,Sports
2142,305068495173992449,Politics
2143,302633044815265792,Sports
2144,306689851057659904,Politics
2145,293408747353690112,Politics
2146,19649769310,Sports
2147,305697296752975872,Sports
2148,5680098814,Politics
2149,276791056924803072,Politics
2150,305353105606860801,Sports
2151,298003000025292800,Politics
2152,302047471876591616,Politics
2153,298471721248366592,Sports
2154,304694279014596609,Sports
2155,306003917676871680,Sports
2156,305921861118746624,Sports
2157,296799248509435904,Politics
2158,303193976570249217,Sports
2159,287509538914070529,Sports
2160,306437272125992961,Sports
2161,296201934803701760,Politics
2162,294839221993234432,Politics
2163,296988848012013568,Politics
2164,301729785820897281,Politics
2165,301278460087779328,Sports
2166,266317760584376320,Sports
2167,301713230227701760,Sports
2168,305614089319763968,Sports
2169,298006552835678209,Sports
2170,306499049345912833,Sports
2171,297317496199999488,Sports
2172,19411576892,Sports
2173,298441376834658305,Sports
2174,27780169910,Sports
2175,297661112147652608,Sports
2176,299419849933877248,Sports
2177,297959560088522752,Sports
2178,297947667068248064,Politics
2179,304530012491624448,Sports
2180,304236071808548864,Sports
2181,303721322821849088,Sports
2182,2403537233,Sports
2183,304272626275205121,Politics
2184,234390198283300864,Sports
2185,306409300060938240,Sports
2186,304627854954622977,Politics
2187,300528169671340032,Sports
2188,281237057131651072,Politics
2189,269589884182884353,Sports
2190,275397006195838976,Politics
2191,284202892947234816,Sports
2192,304270740017000448,Politics
2193,306806461978271744,Sports
2194,17359051240,Sports
2195,306089280147705856,Sports
2196,299306291074048000,Politics
2197,265999249538445313,Politics
2198,305468261934444544,Sports
2199,306524849772302337,Politics
2200,298012441202270208,Sports
2201,305984169203347456,Sports
2202,299727868756389888,Politics
2203,299003500984152064,Sports
2204,306094745845919744,Sports
2205,301902872801574913,Sports
2206,293417937207959552,Politics
2207,268225180390813696,Sports
2208,304254990476783617,Sports
2209,303447298418044929,Sports
2210,306256534109831169,Politics
2211,296745094818713600,Sports
2212,234376613758898176,Sports
2213,305681777958195200,Sports
2214,299173559329251328,Sports
2215,5558263523,Sports
2216,301405467551346688,Politics
2217,305648387385077761,Politics
2218,295615974411997184,Politics
2219,296757785704681472,Sports
2220,304708990217105408,Sports
2221,297943768747892737,Politics
2222,306530187590385665,Politics
2223,306706294176354304,Sports
2224,306158527808933889,Politics
2225,296199831683211264,Sports
2226,306367968768569344,Sports
2227,2597266460,Sports
2228,240887434089467906,Politics
2229,306425488052727808,Sports
2230,305848601689604096,Sports
2231,306462051398737920,Sports
2232,304713389110865920,Politics
2233,305369193413476353,Sports
2234,299148219626160129,Politics
2235,302461979321307136,Politics
2236,269326947761414144,Politics
2237,299042324040777728,Sports
2238,295906979828883456,Sports
2239,303243073176100866,Sports
2240,268509980771090432,Sports
2241,298716666018267136,Politics
2242,284198993490227200,Sports
2243,305398438323957760,Sports
2244,295979252392808448,Sports
2245,301395404640104450,Politics
2246,296669249378848769,Politics
2247,306388882113564673,Sports
2248,292700228182740992,Politics
2249,306237880924254209,Sports
2250,304979789318594560,Sports
2251,303231263844757504,Sports
2252,305684045780631553,Sports
2253,301642848896425985,Politics
2254,234292180238352384,Politics
2255,297892715713163266,Sports
2256,298010645402640387,Politics
2257,306531632259678208,Politics
2258,298441429783564288,Sports
2259,306497885837615105,Sports
2260,279744905398595584,Politics
2261,293490679034834944,Politics
2262,298596875139969024,Politics
2263,273313720879427585,Sports
2264,302729576948318208,Politics
2265,302001765161791490,Sports
2266,288747673635401728,Politics
2267,27567779990,Sports
2268,304706988145770497,Sports
2269,301382381217140736,Sports
2270,304254203902173184,Sports
2271,304673344991657984,Politics
2272,297948720878735360,Sports
2273,304914971031121922,Politics
2274,302461862346358785,Politics
2275,302150376218570753,Sports
2276,303920519303024641,Politics
2277,304029340474146816,Politics
2278,305153236413857792,Politics
2279,306029089431617537,Sports
2280,276961325618442240,Politics
2281,276444937510330368,Sports
2282,304996527867322368,Politics
2283,282023314535350272,Sports
2284,306462908160811008,Sports
2285,303568989848735744,Sports
2286,305981736070832128,Politics
2287,305308790956376064,Politics
2288,269589446234624001,Politics
2289,268237975459082240,Politics
2290,298012104127037442,Sports
2291,302774633260802048,Sports
2292,304266981828349954,Politics
2293,299068833115803648,Sports
2294,304273531309543424,Politics
2295,301298458583769088,Sports
2296,263973033973276672,Politics
2297,306090574002405378,Politics
2298,298954479942897664,Politics
2299,305189883109056512,Politics
2300,291279911585472513,Politics
2301,306053091973799938,Politics
2302,305555998461001728,Politics
2303,302761679928848384,Sports
2304,306329818931273728,Sports
2305,306149549595062272,Politics
2306,299181174885081090,Sports
2307,306536730557820928,Sports
2308,306242738985242624,Sports
2309,299540517996355584,Sports
2310,305692883414024192,Sports
2311,275738722757120003,Sports
2312,302061837963374592,Sports
2313,305592987910537216,Sports
2314,2402829597,Sports
2315,303845118350331906,Sports
2316,298440839426867201,Politics
2317,4966172897,Sports
2318,304272847763824641,Sports
2319,302057873205239808,Politics
2320,270764777243041792,Politics
2321,296206141518671874,Sports
2322,305649616207110144,Politics
2323,294140076433215488,Politics
2324,279695470052384768,Sports
2325,297997161281490944,Sports
2326,304613401638866945,Sports
2327,268225121016221696,Sports
2328,297965261213028352,Sports
2329,304269393070784513,Politics
2330,301933483318734848,Politics
2331,304875962259087361,Sports
2332,302363614575198208,Sports
2333,301526553605595136,Politics
2334,286147416544137217,Politics
2335,275870083920842754,Sports
2336,302418300963524608,Politics
2337,301446851876507648,Politics
2338,306634317881294849,Sports
2339,304722119479152640,Sports
2340,305199671054331904,Sports
2341,306422478769623040,Politics
2342,301526811949535232,Politics
2343,306482505907830785,Sports
2344,297955792622084096,Politics
2345,299128236342902785,Sports
2346,257866645899448320,Sports
2347,299289191743885312,Politics
2348,243022757674233856,Politics
2349,301734124912267264,Sports
2350,298366181180571648,Politics
2351,302201433036578816,Sports
2352,303241735591559170,Sports
2353,296759289060655104,Sports
2354,298271038083579905,Sports
2355,300994567644258304,Politics
2356,5673614493,Sports
2357,304827783870291969,Politics
2358,306356644055494656,Sports
2359,27773891754,Sports
2360,304289262197669888,Politics
2361,295517542439596032,Sports
2362,297949630421938177,Sports
2363,298443524548984832,Politics
2364,306470992845348866,Sports
2365,276580204292493312,Sports
2366,303126351223873537,Sports
2367,303465157735088129,Politics
2368,280731004556156929,Politics
2369,296764354571952129,Sports
2370,306420989267419136,Sports
2371,278048973049192448,Politics
2372,305500267779084288,Politics
2373,305698222909825024,Sports
2374,297356861768863745,Sports
2375,286634347547746304,Politics
2376,296776070185754624,Politics
2377,306830025984983040,Politics
2378,5614810954,Sports
2379,305321909413883904,Sports
2380,293441535847059456,Sports
2381,298055694798692353,Sports
2382,278804256478351360,Sports
2383,305767353432559616,Sports
2384,234765154582159360,Politics
2385,303124483496083456,Politics
2386,306043628667695104,Sports
2387,13632251631,Sports
2388,301566009591083008,Sports
2389,306456668080848898,Sports
2390,8998365660,Sports
2391,298448266272575488,Sports
2392,301525435521589249,Sports
2393,306500167341842432,Sports
2394,305257884785188864,Sports
2395,306349388844904448,Politics
2396,297962245219053568,Sports
2397,306229701884653568,Sports
2398,304667189800222720,Sports
2399,273623047376867328,Politics
2400,276037651130359808,Sports
2401,301890903092633601,Politics
2402,305887595777384448,Sports
2403,294149628532752384,Politics
2404,301034166261252096,Politics
2405,305717723785199617,Sports
2406,303032822569000960,Sports
2407,271170523894005762,Politics
2408,298722041316642816,Politics
2409,294217468715626496,Sports
2410,306011546197299200,Sports
2411,302100912514678784,Politics
2412,304245523429339136,Sports
2413,296197569552465920,Politics
2414,302484956964352001,Politics
2415,303312834706698240,Sports
2416,294514402084929536,Politics
2417,304704989803200512,Sports
2418,4082703186,Sports
2419,306822668273999873,Sports
2420,300924118486896640,Sports
2421,298011746168356864,Sports
2422,293518194113646592,Politics
2423,305703209236852737,Politics
2424,299628736045780992,Politics
2425,304166755775946753,Sports
2426,304862684111859712,Politics
2427,300791989371277316,Politics
2428,306280975887917056,Sports
2429,306691065988136960,Sports
2430,281878077750001665,Politics
2431,234744649884000256,Politics
2432,234600956858363904,Sports
2433,279317479115857921,Politics
2434,306486738371620864,Sports
2435,304010920449933312,Politics
2436,306225909520801792,Sports
2437,241296350422134785,Sports
2438,303242283136995328,Sports
2439,304786132158255108,Sports
2440,298000829124841472,Sports
2441,306248537044307968,Sports
2442,302274462043209729,Sports
2443,300981823826194433,Politics
2444,305687804669743104,Sports
2445,305275287556456448,Politics
2446,302106561067757568,Sports
2447,272257836917075968,Politics
2448,301730753602011136,Politics
2449,282519122162622466,Sports
2450,301527201826881537,Politics
2451,291740716374302720,Politics
2452,2546127783,Politics
2453,302102612931665921,Politics
2454,5682206457,Sports
2455,299485415814070273,Sports
2456,306349099442126848,Sports
2457,306723980893630464,Sports
2458,306339259013550080,Politics
2459,302356015905652736,Sports
2460,299924875198476289,Politics
2461,292718684550610944,Politics
2462,304534535134121985,Politics
2463,304546826147749888,Sports
2464,305737587581153280,Sports
2465,303094795281252352,Sports
2466,298136480059101185,Sports
2467,271164843371950080,Sports
2468,296160042330251264,Politics
2469,301508884135292928,Politics
2470,305661682225651715,Politics
2471,306819093200261120,Sports
2472,298057324134793216,Sports
2473,304282186700451840,Politics
2474,301527335012798465,Politics
2475,299090993192525824,Sports
2476,295969244993187842,Politics
2477,305698824444329984,Sports
2478,306432880647745536,Sports
2479,301941206810755072,Politics
2480,295976023319793665,Politics
2481,262991274339086336,Sports
2482,2402801924,Politics
2483,302057396040265728,Politics
2484,297667680209625088,Sports
2485,291194592710242305,Politics
2486,281428441784537088,Politics
2487,294818275358027776,Politics
2488,306484280798879744,Sports
2489,305688304488181760,Sports
2490,302457589898309632,Politics
2491,302443561272627200,Politics
2492,302096338781351937,Sports
2493,301526644831698945,Politics
2494,306448967103832066,Sports
2495,305516634397884416,Sports
2496,306100635919605760,Politics
2497,305568272043089920,Politics
2498,306691508659179520,Politics
2499,306398334501916673,Sports
2500,27776318882,Sports
2501,297315410439729152,Politics
2502,293853406374805505,Sports
2503,304244612183244801,Politics
2504,306347731784458241,Sports
2505,234247451635224576,Sports
2506,297943456406454272,Politics
2507,293440340352974848,Politics
2508,306651614968680448,Sports
2509,298829182396424193,Sports
2510,306357148055654400,Sports
2511,275232857025294337,Sports
2512,306376346953719809,Sports
2513,303544721756786688,Sports
2514,301732675771826176,Politics
2515,302214668611616769,Politics
2516,306362841848479745,Politics
2517,302462309626949632,Politics
2518,297958347230019584,Sports
2519,306470946724802560,Politics
2520,306818358391750656,Politics
2521,306034989038964737,Sports
2522,272557329889783808,Sports
2523,305580137733304320,Sports
2524,304732951508291584,Sports
2525,293563137209282561,Politics
2526,301898328059297792,Politics
2527,234782712408449024,Sports
2528,303118038071402498,Sports
2529,306341486436425728,Politics
2530,13220139800,Sports
2531,304690251635515392,Sports
2532,304615651824242688,Politics
2533,303519824607330304,Politics
2534,305688840377618432,Sports
2535,234411178087038977,Sports
2536,305303893187887105,Sports
2537,2469710692,Politics
2538,273258217797214209,Sports
2539,305913681357725697,Sports
2540,306347783441510400,Sports
2541,306458294057316353,Sports
2542,281810924615118848,Sports
2543,267042898774720512,Sports
2544,304057392243564545,Politics
2545,304593172384845824,Politics
2546,298010097253236736,Politics
2547,305679064700710913,Sports
2548,293854014209130497,Politics
2549,299676871275192320,Politics
2550,303710013803868160,Sports
2551,276787236203270144,Politics
2552,234247896575406080,Sports
2553,301331975225094144,Sports
2554,7750962595,Sports
2555,302735275820449792,Politics
2556,301820619031474176,Politics
2557,304981191482802177,Sports
2558,305862638678712320,Sports
2559,305601094459990016,Sports
2560,306491057724600320,Sports
2561,300924642510639105,Sports
2562,234769451726282752,Politics
2563,305352104254509057,Sports
2564,275423307690553344,Sports
2565,304358822007435265,Politics
2566,306010671311646720,Sports
2567,305781921709965313,Politics
2568,293431545975414784,Politics
2569,256162532249706498,Sports
2570,304692659178573825,Politics
2571,306020037360226304,Sports
2572,306478148277661696,Sports
2573,298227636814090240,Sports
2574,302222998092537857,Politics
2575,306245327604809728,Sports
2576,304261098020933632,Politics
2577,305876696471597058,Sports
2578,304500542825168897,Politics
2579,299527540756840448,Politics
2580,234557814733955072,Sports
2581,306343369905434624,Politics
2582,297357196981846018,Sports
2583,300705897267736577,Sports
2584,299927108770209793,Politics
2585,302519275585953794,Sports
2586,234759645149941760,Sports
2587,305683290612977665,Sports
2588,297966951311998977,Politics
2589,297292079632105472,Sports
2590,302465096058298368,Politics
2591,297357227319255040,Sports
2592,305691854589009920,Sports
2593,304253959223267328,Sports
2594,305501541509496832,Politics
2595,301560527216316416,Politics
2596,264760371179565056,Sports
2597,296905835530047488,Sports
2598,306109319265538048,Sports
2599,306797601808850945,Sports
2600,306101366936457216,Sports
2601,306421371343351809,Politics
2602,304664102775713793,Sports
2603,306269742577102848,Politics
2604,299676731768451072,Politics
2605,282023761044189184,Sports
2606,303879735006601216,Sports
2607,297956846046703616,Sports
2608,304265049537658880,Sports
2609,306430391928115200,Sports
